0,51.509,-0.16104,0,0,0
0.5,51.509,-0.16104,0.094157,-0.012525,-0.60526
1,51.509,-0.16105,0.27837,0.0050593,-0.69235
1.5,51.509,-0.16104,0.50394,-0.01196,-0.86174
2,51.509,-0.16104,0.73483,0.00064272,-1.2502
2.5,51.509,-0.16105,0.98081,0.0090691,-0.67341
3,51.509,-0.16104,1.2406,0.015661,-0.057586
3.5,51.509,-0.16104,1.2374,-0.0086632,0.34874
4,51.509,-0.16104,1.3323,-0.015646,-1.0157
4.5,51.509,-0.16103,1.1446,-0.0051689,-0.8226
5,51.509,-0.16104,1.3197,0.0036459,-0.54312
5.5,51.509,-0.16104,1.2255,-0.018253,-0.32495
6,51.509,-0.16104,1.3086,0.019184,-0.89254
6.5,51.509,-0.16103,1.1651,0.025566,-0.19551
7,51.509,-0.16103,1.2853,-0.0016348,-0.16419
7.5,51.509,-0.16103,1.2499,0.01164,0.20597
8,51.509,-0.16103,1.245,0.0051535,0.046683
8.5,51.509,-0.16103,1.2588,-0.0031779,-0.25694
9,51.509,-0.16103,1.2238,0.011903,-0.42157
9.5,51.509,-0.16103,1.3249,0.03592,0.9486
10,51.509,-0.16103,1.1616,0.040822,1.4588
10.5,51.509,-0.16104,1.3096,0.020959,1.3711
11,51.509,-0.16104,1.1813,0.0054703,1.1945
11.5,51.509,-0.16104,1.3727,0.024406,0.84416
12,51.509,-0.16104,1.1299,-0.0019702,0.61154
12.5,51.509,-0.16104,1.3919,-0.012079,0.7233
13,51.509,-0.16104,1.082,-0.0050441,0.27185
13.5,51.509,-0.16104,1.4087,0.0052011,-0.14494
14,51.509,-0.16104,1.0761,0.0086179,-0.39111
14.5,51.509,-0.16104,1.4395,-0.028698,-0.24629
15,51.509,-0.16104,1.0248,-0.033837,-0.48199
15.5,51.509,-0.16104,1.4759,-0.02157,-1.3984
16,51.509,-0.16104,1.0018,-0.012664,-1.8392
16.5,51.509,-0.16104,1.4597,-0.0089046,-1.5309
17,51.509,-0.16104,1.0032,-0.0012627,-1.0967
17.5,51.509,-0.16104,1.4679,-0.00088355,-1.0425
18,51.509,-0.16103,0.98661,0.0032966,-1.0857
18.5,51.509,-0.16103,1.5077,-0.0059866,-0.76495
19,51.509,-0.16102,0.92321,0.0038326,-0.34227
19.5,51.509,-0.16103,1.608,0.010917,-0.33565
20,51.509,-0.16103,0.86939,0.012024,-0.48274
20.5,51.509,-0.16103,1.5974,0.008518,-0.43926
21,51.509,-0.16103,0.88122,0.015043,-0.82101
21.5,51.509,-0.16102,1.6014,0.01054,-0.52349
22,51.509,-0.16103,0.86864,-0.016458,-0.56897
22.5,51.509,-0.16104,1.6013,-0.020141,-0.98437
23,51.509,-0.16104,0.91471,-0.017975,-0.52809
23.5,51.509,-0.16104,1.5456,0.014598,-0.45406
24,51.509,-0.16104,0.92916,0.010147,-0.45476
24.5,51.51,-0.16104,1.5422,-0.0050406,-0.66632
25,51.51,-0.16104,0.95381,-0.0085162,-0.90256
25.5,51.51,-0.16104,1.5598,-0.034718,-1.0456
26,51.51,-0.16104,0.94715,-0.0052773,-1.147
26.5,51.51,-0.16104,1.5606,-0.021879,-1.4922
27,51.51,-0.16104,0.9174,-0.012275,-1.5936
27.5,51.51,-0.16103,1.5443,-0.044841,-1.4908
28,51.51,-0.16104,0.95003,-0.034655,-1.5666
28.5,51.51,-0.16104,1.5324,-0.034879,-1.4177
29,51.51,-0.16104,0.95373,-0.043606,-1.5021
29.5,51.51,-0.16104,1.5394,-0.028793,-1.0421
30,51.51,-0.16104,0.95338,-0.01006,-0.78373
30.5,51.51,-0.16104,1.5574,-0.016295,-1.0909
31,51.51,-0.16103,0.93525,-0.011814,-0.73789
31.5,51.51,-0.16104,1.5383,-0.0032492,-0.58901
32,51.51,-0.16103,0.93562,-0.011234,0.075554
32.5,51.51,-0.16103,1.3417,-0.020936,-0.48726
33,51.51,-0.16103,0.41491,-0.016779,-1.4167
33.5,51.51,-0.16103,0.88027,-0.018913,-0.90883
34,51.51,-0.16104,-0.14443,-0.0011868,-0.53851
34.5,51.51,-0.16103,0.52739,0.067393,14.687
35,51.51,-0.16103,-0.067269,0.13756,29.769
35.5,51.51,-0.16103,0.47032,0.16827,44.982
36,51.51,-0.16103,-0.16785,0.24656,60.426
36.5,51.51,-0.16103,0.32723,0.1945,75.454
37,51.51,-0.16102,-0.26356,0.29111,90.071
37.5,51.51,-0.16102,0.21097,0.14498,104.51
38,51.51,-0.16102,-0.40074,0.32598,118.85
38.5,51.51,-0.16103,0.11844,0.056479,133.45
39,51.51,-0.16103,-0.50153,0.2406,147.76
39.5,51.51,-0.16102,0.0371,-0.034968,163.47
40,51.51,-0.16102,-0.49478,0.10433,178.96
40.5,51.51,-0.16102,-0.24474,-0.071275,179.1
41,51.51,-0.16102,-1.0218,0.092363,179.02
41.5,51.51,-0.16102,-0.73625,-0.088967,179.73
42,51.51,-0.16102,-1.5304,0.099049,-179.89
42.5,51.51,-0.16102,-1.0264,-0.085682,179.61
43,51.51,-0.16102,-1.566,0.12167,179.33
43.5,51.51,-0.16102,-0.92421,-0.10004,179.67
44,51.51,-0.16102,-1.5552,0.08132,179.83
44.5,51.51,-0.16101,-0.92666,-0.10457,-179.91
45,51.51,-0.16101,-1.5386,0.11853,-179.9
45.5,51.51,-0.16101,-0.93766,-0.11283,-179.79
46,51.51,-0.16101,-1.6179,0.10186,-179.58
46.5,51.51,-0.16101,-0.85468,-0.13201,-179.52
47,51.51,-0.16102,-1.6058,0.071674,-179.7
47.5,51.51,-0.16102,-0.87226,-0.12769,179.9
48,51.51,-0.16102,-1.6143,0.070095,-179.93
48.5,51.51,-0.16102,-0.95419,-0.10616,-179.72
49,51.51,-0.16102,-1.5657,0.07589,-179.72
49.5,51.51,-0.16102,-0.92387,-0.070638,179.29
50,51.509,-0.16102,-1.6132,0.10639,179.21
50.5,51.509,-0.16103,-0.90663,-0.085352,178.93
51,51.509,-0.16103,-1.6155,0.1072,178.86
51.5,51.509,-0.16103,-0.91612,-0.094243,179.19
52,51.509,-0.16102,-1.5465,0.11371,179.57
52.5,51.509,-0.16102,-0.9551,-0.092708,179.78
53,51.509,-0.16102,-1.5453,0.090387,-179.69
53.5,51.509,-0.16102,-0.91833,-0.098131,-179.42
54,51.509,-0.16102,-1.6488,0.092508,-179.41
54.5,51.509,-0.16102,-0.85376,-0.10774,-179.24
55,51.509,-0.16102,-1.6898,0.099779,-179.56
55.5,51.509,-0.16102,-0.85898,-0.073824,179.69
56,51.509,-0.16102,-1.6108,0.10145,179.01
56.5,51.509,-0.16102,-0.9295,-0.084014,178.93
57,51.509,-0.16102,-1.5588,0.1083,178.5
57.5,51.509,-0.16102,-0.96247,-0.066093,178.23
58,51.509,-0.16102,-1.5459,0.16352,177.18
58.5,51.509,-0.16102,-0.94681,-0.066567,177.86
59,51.509,-0.16102,-1.5928,0.11131,178.41
59.5,51.509,-0.16102,-0.9497,-0.082081,178.64
60,51.509,-0.16102,-1.5539,0.11275,179.33
60.5,51.509,-0.16102,-0.98342,-0.10355,179.85
61,51.509,-0.16102,-1.5271,0.074745,179.73
61.5,51.509,-0.16103,-0.92666,-0.13654,-179.47
62,51.509,-0.16103,-1.5636,0.067409,-179.17
62.5,51.509,-0.16102,-0.95491,-0.10683,-179.68
63,51.509,-0.16103,-1.5575,0.064499,-179.14
63.5,51.509,-0.16103,-0.97823,-0.10689,-179.39
64,51.509,-0.16103,-1.5403,0.067775,-179.56
64.5,51.509,-0.16103,-0.91316,-0.11566,179.92
65,51.509,-0.16103,-1.6058,0.10248,178.82
65.5,51.509,-0.16103,-0.91639,-0.061322,178.67
66,51.509,-0.16103,-1.5748,0.14512,178.75
66.5,51.509,-0.16103,-0.96018,-0.080292,179.46
67,51.509,-0.16102,-1.5412,0.10134,179.92
67.5,51.509,-0.16102,-0.89941,-0.09917,-179.95
68,51.509,-0.16102,-1.6009,0.099929,-179.83
68.5,51.509,-0.16103,-0.83277,-0.097918,-179.8
69,51.509,-0.16103,-1.6599,0.093831,-179.97
69.5,51.509,-0.16102,-0.81741,-0.096035,179.75
70,51.509,-0.16102,-1.7206,0.10512,179.54
70.5,51.509,-0.16102,-0.80819,-0.094392,-179.92
71,51.509,-0.16102,-1.6888,0.10662,179.69
71.5,51.509,-0.16102,-0.62441,-0.10896,179.48
72,51.509,-0.16102,-1.1447,0.10675,178.97
72.5,51.509,-0.16102,-0.070078,-0.087318,178.34
73,51.509,-0.16102,-0.72896,0.10523,178.24
73.5,51.509,-0.16102,0.32035,-0.016396,163.36
74,51.509,-0.16101,-0.71742,0.22357,148.27
74.5,51.509,-0.16101,0.38633,0.042469,133.75
75,51.509,-0.16101,-0.66536,0.34016,118.71
75.5,51.509,-0.161,0.45493,0.2025,103.45
76,51.509,-0.16101,-0.48094,0.28541,88.348
76.5,51.509,-0.16101,0.56951,0.20638,74.222
77,51.509,-0.16101,-0.36473,0.26466,59.484
77.5,51.509,-0.16101,0.63784,0.10818,44.631
78,51.509,-0.16101,-0.24191,0.24453,29.965
78.5,51.509,-0.161,0.698,-0.012783,15.231
79,51.509,-0.161,-0.24161,0.083041,0.68385
79.5,51.509,-0.16099,0.91498,-0.084518,0.24475
80,51.509,-0.161,0.30562,0.074124,-0.29117
80.5,51.509,-0.161,1.4231,-0.082742,-0.10752
81,51.509,-0.16101,0.8158,0.053062,-0.22577
81.5,51.509,-0.16101,1.7119,-0.11025,-0.0042598
82,51.509,-0.16101,0.85669,0.063616,0.24338
82.5,51.509,-0.16101,1.6567,-0.1059,0.21662
83,51.509,-0.16101,0.88108,0.076225,-0.12408
83.5,51.509,-0.16101,1.5958,-0.082545,-0.015774
84,51.509,-0.16101,0.90877,0.052174,0.2886
84.5,51.509,-0.16101,1.6517,-0.11561,0.1213
85,51.509,-0.16101,0.86877,0.07792,-0.099911
85.5,51.509,-0.16101,1.6303,-0.067035,0.26412
86,51.509,-0.16101,0.84995,0.10964,0.23324
86.5,51.509,-0.16101,1.6456,-0.068814,-0.21288
87,51.509,-0.16101,0.8315,0.076971,-1.1143
87.5,51.509,-0.16101,1.6345,-0.13025,-0.96344
88,51.509,-0.16101,0.86279,0.046605,-0.57702
88.5,51.509,-0.16101,1.6682,-0.11939,-0.28672
89,51.509,-0.16102,0.82843,0.068031,-0.45228
89.5,51.509,-0.16101,1.6925,-0.10591,-0.055634
90,51.509,-0.16101,0.82099,0.10307,0.64192
90.5,51.509,-0.16101,1.6623,-0.094025,0.38871
91,51.509,-0.16101,0.83534,0.084921,0.46359
91.5,51.509,-0.16101,1.6622,-0.11222,0.14637
92,51.509,-0.161,0.79879,0.075749,-0.25254
92.5,51.509,-0.16101,1.7172,-0.11228,-0.17121
93,51.509,-0.16101,0.74594,0.066891,-0.32139
93.5,51.509,-0.16101,1.7845,-0.086146,-0.2112
94,51.509,-0.16101,0.72692,0.10467,0.24306
94.5,51.509,-0.161,1.7736,-0.070656,0.80797
95,51.509,-0.161,0.70897,0.12998,1.3894
95.5,51.509,-0.161,1.7837,-0.086534,0.95678
96,51.509,-0.161,0.70302,0.073842,0.54571
96.5,51.509,-0.161,1.8012,-0.071166,0.70077
97,51.509,-0.161,0.69772,0.11235,1.1721
97.5,51.509,-0.161,1.7867,-0.072791,1.266
98,51.509,-0.161,0.75123,0.10859,1.5917
98.5,51.509,-0.161,1.7376,-0.060668,1.838
99,51.509,-0.16101,0.76302,0.13261,1.8432
99.5,51.509,-0.16101,1.6975,-0.0361,1.6879
100,51.509,-0.16101,0.79282,0.083991,0.86592
100.5,51.509,-0.16101,1.6618,-0.074384,0.63711
101,51.509,-0.16101,0.87679,0.06787,0.21583
101.5,51.509,-0.16101,1.5955,-0.084772,0.44129
102,51.509,-0.16102,0.84113,0.094919,0.29738
102.5,51.51,-0.16102,1.7068,-0.10039,0.027988
103,51.51,-0.16102,0.80256,0.12133,0.12707
103.5,51.51,-0.16102,1.6512,-0.10272,-0.54595
104,51.51,-0.16102,0.89355,0.058024,-0.99975
104.5,51.51,-0.16101,1.5828,-0.11833,-1.2055
105,51.51,-0.16101,0.9374,0.057716,-1.0481
105.5,51.51,-0.16101,1.5622,-0.11977,-1.3324
106,51.51,-0.161,1.0067,0.07659,-1.0267
106.5,51.51,-0.161,1.5096,-0.093879,-1.1816
107,51.51,-0.161,0.95103,0.089463,-0.51402
107.5,51.51,-0.161,1.5776,-0.077312,-0.48665
108,51.51,-0.161,0.90103,0.092603,-0.44342
108.5,51.51,-0.161,1.6611,-0.10183,-1.3899
109,51.51,-0.16101,0.91406,0.070249,-1.5607
109.5,51.51,-0.16101,1.641,-0.095152,-1.4328
110,51.51,-0.16101,0.87828,0.04837,-2.1024
110.5,51.51,-0.16101,1.4408,-0.11245,-2.2657
111,51.51,-0.16101,0.41248,0.069738,-2.8697
111.5,51.51,-0.16101,0.83967,-0.08395,-2.6612
112,51.51,-0.16101,-0.087696,0.078744,-2.3409
112.5,51.51,-0.16101,0.54373,-0.011971,12.844
113,51.51,-0.16101,-0.17456,0.21811,28.367
113.5,51.51,-0.161,0.49569,0.12339,43.754
114,51.51,-0.161,-0.24117,0.28363,59.56
114.5,51.51,-0.161,0.44368,0.23423,74.413
115,51.51,-0.161,-0.4233,0.23137,89.467
115.5,51.51,-0.161,0.33476,0.25104,104.08
116,51.51,-0.161,-0.52441,0.17482,118.55
116.5,51.51,-0.161,0.24323,0.20691,133.12
117,51.51,-0.161,-0.64007,0.12901,147.98
117.5,51.51,-0.161,0.18157,0.062634,162.76
118,51.51,-0.161,-0.68587,0.016303,177.7
118.5,51.51,-0.161,-0.038423,0.0074311,178.07
119,51.51,-0.161,-1.1715,0.023799,178.43
119.5,51.51,-0.16101,-0.61366,0.044531,178.07
120,51.51,-0.161,-1.6628,0.034347,177.76
120.5,51.51,-0.161,-0.82613,0.0018116,178.49
121,51.51,-0.161,-1.7235,-0.0034722,178.6
121.5,51.51,-0.161,-0.78003,0.020317,178.64
122,51.51,-0.161,-1.6985,0.020524,179.01
122.5,51.51,-0.161,-0.84051,0.0018122,179.88
123,51.51,-0.16099,-1.6578,-0.026313,-179.22
123.5,51.51,-0.161,-0.84548,-0.023026,-179.39
124,51.51,-0.161,-1.65,-0.01687,-178.97
124.5,51.51,-0.161,-0.85537,-0.038366,-178.61
125,51.51,-0.161,-1.6566,-0.043277,-178.65
125.5,51.51,-0.16099,-0.84599,-0.021945,-179.38
126,51.51,-0.16099,-1.6532,0.0090753,179.81
126.5,51.51,-0.161,-0.85739,0.026936,178.99
127,51.51,-0.161,-1.6435,0.015176,178.62
127.5,51.509,-0.161,-0.82942,0.015502,178.19
128,51.509,-0.161,-1.5978,0.001345,178.35
128.5,51.509,-0.161,-0.8808,0.018737,178.87
129,51.509,-0.16099,-1.6501,0.010112,179.57
129.5,51.509,-0.16099,-0.80734,-0.019976,-179.77
130,51.509,-0.16099,-1.6443,-0.01129,-179.68
130.5,51.509,-0.16099,-0.90468,-0.014794,-179.88
131,51.509,-0.16099,-1.6209,-0.011493,-179.9
131.5,51.509,-0.16099,-0.87145,-0.022293,179.99
132,51.509,-0.16099,-1.6448,-0.0012559,179.56
132.5,51.509,-0.16099,-0.87201,0.014776,179.03
133,51.509,-0.16098,-1.6849,0.038733,178.36
133.5,51.509,-0.16099,-0.77942,0.039275,178.68
134,51.509,-0.16099,-1.7176,0.056279,178.95
134.5,51.509,-0.16099,-0.80194,0.037654,179.05
135,51.509,-0.16099,-1.6597,0.033434,179.31
135.5,51.509,-0.16099,-0.78793,-0.0085027,179.82
136,51.509,-0.161,-1.6891,-0.0028178,-179.26
136.5,51.509,-0.16099,-0.81242,0.010609,179.9
137,51.509,-0.16099,-1.7371,0.029284,179.57
137.5,51.509,-0.16099,-0.75885,0.015542,179.73
138,51.509,-0.16099,-1.7257,0.016086,179.95
138.5,51.509,-0.16099,-0.74023,0.020214,179.72
139,51.509,-0.16099,-1.7345,0.035754,179.62
139.5,51.509,-0.16099,-0.77573,0.0189,179.84
140,51.509,-0.16099,-1.7463,0.031767,-179.81
140.5,51.509,-0.16099,-0.7567,0.019216,-179.62
141,51.509,-0.16099,-1.7586,0.03801,179.97
141.5,51.509,-0.16099,-0.74188,-0.014878,-179.77
142,51.509,-0.16099,-1.7227,-0.001216,-179.78
142.5,51.509,-0.16099,-0.77337,0.0085323,-179.82
143,51.509,-0.161,-1.795,-0.00092416,-179.63
143.5,51.509,-0.161,-0.71933,-0.020455,-179.2
144,51.509,-0.161,-1.7385,-0.00043871,-179.01
144.5,51.509,-0.161,-0.77916,0.0025359,-179.41
145,51.509,-0.161,-1.7059,0.034611,179.85
145.5,51.509,-0.16099,-0.80876,-0.0016179,179.99
146,51.509,-0.16099,-1.6895,0.031219,-179.52
146.5,51.509,-0.16099,-0.81962,-0.0078808,179.85
147,51.509,-0.16099,-1.6705,0.022379,179.77
147.5,51.509,-0.16099,-0.85373,0.0068604,-179.87
148,51.509,-0.16099,-1.6763,0.036387,-179.69
148.5,51.509,-0.16099,-0.86196,0.011082,-180
149,51.509,-0.161,-1.6494,0.025257,-179.92
149.5,51.509,-0.16099,-0.70569,0.0050466,-179.79
150,51.509,-0.16099,-1.1064,0.018423,-179.72
150.5,51.509,-0.16099,-0.16006,-0.021012,-179.4
151,51.509,-0.16099,-0.57747,-0.026439,-179.14
151.5,51.509,-0.16099,0.072094,0.042778,165.74
152,51.509,-0.16098,-0.45,0.12919,151.17
152.5,51.509,-0.16099,0.092641,0.16968,136.42
153,51.509,-0.16099,-0.37293,0.19892,121.99
153.5,51.509,-0.16098,0.19617,0.22317,106.52
154,51.509,-0.16098,-0.27102,0.23526,91.342
154.5,51.509,-0.16098,0.3139,0.28182,75.989
155,51.509,-0.16098,-0.14217,0.18116,60.87
155.5,51.509,-0.16098,0.40129,0.17261,45.504
156,51.509,-0.16098,0.016121,0.16396,30.948
156.5,51.509,-0.16097,0.43254,0.030776,16.078
157,51.509,-0.16097,0.017448,0.030833,0.73324
157.5,51.509,-0.16097,0.69005,-0.040351,0.68927
158,51.509,-0.16097,0.4953,0.0034587,0.59283
158.5,51.509,-0.16097,1.3143,-0.054248,0.26655
159,51.509,-0.16097,0.92058,0.010004,0.28589
159.5,51.509,-0.16097,1.6222,-0.026612,1.1006
160,51.509,-0.16097,0.94165,0.011884,1.3727
160.5,51.509,-0.16097,1.5802,-0.030164,1.2823
161,51.509,-0.16098,0.91595,0.035361,0.82875
161.5,51.509,-0.16098,1.5619,-0.011989,0.97209
162,51.509,-0.16097,0.91221,0.046894,1.204
162.5,51.509,-0.16098,1.5997,-0.015365,0.87009
163,51.509,-0.16098,0.87805,0.016191,0.63728
163.5,51.509,-0.16098,1.6895,-0.0134,0.85171
164,51.509,-0.16098,0.81429,0.018705,0.96549
164.5,51.509,-0.16098,1.6604,-0.029066,1.296
165,51.509,-0.16098,0.87045,0.024984,1.4346
165.5,51.509,-0.16098,1.6752,-0.021032,1.5955
166,51.509,-0.16098,0.81399,0.045706,1.9643
166.5,51.509,-0.16098,1.7493,-0.02019,1.7156
167,51.509,-0.16098,0.76589,0.044611,1.6163
167.5,51.509,-0.16098,1.7142,-0.02027,1.2222
168,51.509,-0.16098,0.81379,0.03799,1.4974
168.5,51.509,-0.16098,1.6648,-0.032967,1.2944
169,51.509,-0.16098,0.81811,-0.0033935,0.27754
169.5,51.509,-0.16098,1.6925,-0.040485,0.090857
170,51.509,-0.16098,0.77093,0.01508,-0.24075
170.5,51.509,-0.16098,1.7398,-0.03659,-0.12931
171,51.509,-0.16098,0.76095,0.021483,-0.12279
171.5,51.509,-0.16098,1.6341,-0.03674,-0.19648
172,51.509,-0.16098,0.84075,0.020154,0.15999
172.5,51.509,-0.16098,1.6021,-0.026317,0.29149
173,51.509,-0.16098,0.91541,0.052988,0.62811
173.5,51.509,-0.16098,1.5218,-0.015931,1.0906
174,51.509,-0.16098,0.98899,0.041774,1.0268
174.5,51.509,-0.16098,1.5264,-0.0091535,0.92209
175,51.509,-0.16097,0.97973,0.019088,0.56872
175.5,51.509,-0.16098,1.4901,-0.033707,0.85364
176,51.509,-0.16097,1.0567,0.055005,1.0366
176.5,51.509,-0.16097,1.42,-0.030769,0.85085
177,51.509,-0.16098,1.1218,0.035385,0.5516
177.5,51.509,-0.16097,1.3516,0.0047026,1.0053
178,51.509,-0.16098,1.1921,0.05735,0.86624
178.5,51.509,-0.16098,1.2875,-0.0098427,0.40321
179,51.509,-0.16098,1.1842,0.062669,0.21609
179.5,51.509,-0.16098,1.2974,-0.0049102,0.17577
180,51.509,-0.16098,1.1691,0.031745,-0.065005
180.5,51.51,-0.16098,1.2637,-0.020416,-0.11803
181,51.51,-0.16098,1.2134,0.034253,-0.249
181.5,51.51,-0.16098,1.2705,-0.04292,-0.84541
182,51.51,-0.16098,1.2362,0.022645,-0.78617
182.5,51.51,-0.16098,1.2222,-0.037722,-0.72945
183,51.51,-0.16097,1.3197,0.041939,-0.76181
183.5,51.51,-0.16098,1.1511,-0.023129,-0.9213
184,51.51,-0.16098,1.3418,0.023948,-1.0233
184.5,51.51,-0.16097,1.1115,-0.023273,-1.1661
185,51.51,-0.16098,1.3517,0.0093212,-1.4011
185.5,51.51,-0.16097,1.1749,-0.067068,-1.0489
186,51.51,-0.16097,1.3213,0.011045,-0.78708
186.5,51.51,-0.16097,1.1646,-0.035639,-1.0378
187,51.51,-0.16097,1.311,0.014533,-1.588
187.5,51.51,-0.16097,1.1898,-0.034184,-0.80983
188,51.51,-0.16098,1.3473,0.032415,-0.26753
188.5,51.51,-0.16098,0.94864,-0.029114,-0.066415
189,51.51,-0.16098,0.86187,0.03508,0.24838
189.5,51.51,-0.16098,0.44555,-0.034224,0.8257
190,51.51,-0.16098,0.26476,0.0064903,1.5416
190.5,51.51,-0.16097,0.2069,0.032962,16.002
191,51.51,-0.16097,0.15818,0.12489,30.411
191.5,51.51,-0.16097,0.22016,0.17809,45.069
192,51.51,-0.16097,0.099164,0.25038,60.136
192.5,51.51,-0.16096,0.10978,0.2135,75.115
193,51.51,-0.16096,-0.0069153,0.24818,89.782
193.5,51.51,-0.16096,-0.032836,0.25325,105.05
194,51.51,-0.16096,-0.15084,0.16474,120.48
194.5,51.51,-0.16096,-0.17253,0.25016,135.03
195,51.51,-0.16096,-0.20678,0.053301,149.56
195.5,51.51,-0.16096,-0.2488,0.16513,164.19
196,51.51,-0.16095,-0.25597,-0.06377,178.86
196.5,51.51,-0.16095,-0.49367,0.082446,178.27
197,51.51,-0.16096,-0.76542,-0.052755,178.13
197.5,51.51,-0.16096,-0.97017,0.076937,178.75
198,51.51,-0.16096,-1.2911,-0.062193,178.68
198.5,51.51,-0.16097,-1.2797,0.089027,179.17
199,51.51,-0.16096,-1.2642,-0.08912,179.89
199.5,51.51,-0.16096,-1.2741,0.052958,179.93
200,51.51,-0.16096,-1.1802,-0.068982,179.88
200.5,51.51,-0.16096,-1.3254,0.071875,179.64
201,51.51,-0.16097,-1.209,-0.056489,179.68
201.5,51.51,-0.16097,-1.345,0.097606,179.46
202,51.51,-0.16097,-1.1609,-0.046452,179
202.5,51.51,-0.16096,-1.3912,0.098487,179.28
203,51.51,-0.16096,-1.1152,-0.066787,179.64
203.5,51.51,-0.16096,-1.3729,0.081519,179.8
204,51.51,-0.16096,-1.1731,-0.051301,179.74
204.5,51.51,-0.16096,-1.3147,0.10319,179.68
205,51.51,-0.16096,-1.1688,-0.049267,179.4
205.5,51.51,-0.16096,-1.3214,0.080128,179.95
206,51.509,-0.16096,-1.2199,-0.081627,-179.32
206.5,51.509,-0.16095,-1.2515,0.057675,-179.28
207,51.509,-0.16096,-1.2571,-0.094194,-179.22
207.5,51.509,-0.16096,-1.2156,0.049684,-178.92
208,51.509,-0.16096,-1.2218,-0.085938,-178.53
208.5,51.509,-0.16096,-1.2756,0.044144,-179.33
209,51.509,-0.16096,-1.1834,-0.073962,-179.85
209.5,51.509,-0.16096,-1.3971,0.065735,-179.68
210,51.509,-0.16096,-1.0974,-0.053217,-179.82
210.5,51.509,-0.16096,-1.4397,0.10605,-179.83
211,51.509,-0.16096,-1.0363,-0.068655,-179.35
211.5,51.509,-0.16096,-1.4864,0.10085,-179.36
212,51.509,-0.16096,-1.0585,-0.071262,-179.02
212.5,51.509,-0.16096,-1.4027,0.072763,-178.84
213,51.509,-0.16097,-1.1215,-0.11391,-178.42
213.5,51.509,-0.16097,-1.3591,0.059711,-178.49
214,51.509,-0.16097,-1.146,-0.07123,-178.93
214.5,51.509,-0.16097,-1.3672,0.083592,-179.08
215,51.509,-0.16096,-1.0973,-0.06792,-178.81
215.5,51.509,-0.16096,-1.3992,0.066736,-178.97
216,51.509,-0.16095,-1.0723,-0.088388,-178.91
216.5,51.509,-0.16095,-1.4058,0.060115,-178.86
217,51.509,-0.16095,-1.0688,-0.093433,-179.12
217.5,51.509,-0.16095,-1.4356,0.066158,-179.79
218,51.509,-0.16095,-1.0479,-0.060005,179.82
218.5,51.509,-0.16095,-1.4781,0.057874,179.97
219,51.509,-0.16096,-1.0182,-0.061524,179.74
219.5,51.509,-0.16096,-1.4982,0.078028,-179.78
220,51.509,-0.16095,-0.97265,-0.083329,-179.64
220.5,51.509,-0.16095,-1.5838,0.080035,-179.69
221,51.509,-0.16096,-0.90881,-0.0793,-179.38
221.5,51.509,-0.16096,-1.5615,0.063072,-179.45
222,51.509,-0.16096,-0.94045,-0.051567,179.7
222.5,51.509,-0.16096,-1.5608,0.07194,179.88
223,51.509,-0.16096,-0.92104,-0.080013,179.77
223.5,51.509,-0.16096,-1.5667,0.055295,179.97
224,51.509,-0.16096,-0.94807,-0.087764,-179.64
224.5,51.509,-0.16097,-1.4937,0.063162,-179.48
225,51.509,-0.16096,-1.0724,-0.06774,-179.96
225.5,51.509,-0.16097,-1.421,0.069532,-179.55
226,51.509,-0.16097,-1.0878,-0.076049,-179.86
226.5,51.509,-0.16097,-1.4199,0.06926,-179.85
227,51.509,-0.16097,-1.095,-0.080559,-179.84
227.5,51.509,-0.16097,-1.1815,0.084406,-179.54
228,51.509,-0.16096,-0.65515,-0.06727,-179.17
228.5,51.509,-0.16097,-0.59909,0.076861,-179.02
229,51.509,-0.16097,-0.14477,-0.08523,-179.27
229.5,51.509,-0.16097,-0.32934,0.15923,165.53
230,51.509,-0.16097,-0.084709,0.056765,150.69
230.5,51.509,-0.16096,-0.33949,0.2717,135.89
231,51.509,-0.16096,0.01912,0.15284,120.73
231.5,51.509,-0.16096,-0.19401,0.32468,106.04
232,51.509,-0.16096,0.13834,0.1658,90.892
232.5,51.509,-0.16095,-0.070274,0.35467,75.479
233,51.509,-0.16094,0.26942,0.13431,60.394
233.5,51.509,-0.16094,0.035273,0.26624,45.452
234,51.509,-0.16095,0.33215,0.019333,30.287
234.5,51.509,-0.16095,0.098891,0.16223,15.044
235,51.509,-0.16095,0.40509,-0.10695,-0.16748
235.5,51.509,-0.16095,0.31861,0.076077,0.15013
236,51.509,-0.16095,0.85423,-0.08715,0.52149
236.5,51.509,-0.16095,0.86967,0.078988,0.85475
237,51.509,-0.16095,1.4359,-0.076832,0.94434
237.5,51.509,-0.16095,1.1074,0.092792,0.1506
238,51.509,-0.16095,1.4431,-0.064942,0.26115
238.5,51.509,-0.16095,1.0658,0.097906,-0.25648
239,51.509,-0.16095,1.4007,-0.11704,-0.49747
239.5,51.509,-0.16095,1.097,0.059179,-0.90491
240,51.509,-0.16095,1.3769,-0.11361,-1.2568
240.5,51.509,-0.16094,1.1101,0.077261,-1.0228
241,51.509,-0.16094,1.403,-0.083727,-0.19367
241.5,51.509,-0.16094,1.0802,0.0882,-0.076649
242,51.509,-0.16094,1.3785,-0.083504,0.21812
242.5,51.509,-0.16094,1.1141,0.11463,0.26923
243,51.509,-0.16094,1.3689,-0.072514,0.13075
243.5,51.509,-0.16095,1.1246,0.068292,-0.12347
244,51.509,-0.16095,1.3483,-0.086425,-0.28594
244.5,51.509,-0.16095,1.2204,0.0895,-0.19396
245,51.509,-0.16095,1.2011,-0.090164,0.10477
245.5,51.509,-0.16095,1.3298,0.060382,0.15561
246,51.509,-0.16095,1.1507,-0.076087,0.12907
246.5,51.509,-0.16095,1.2902,0.08495,0.25088
247,51.509,-0.16095,1.2026,-0.086047,0.064847
247.5,51.509,-0.16094,1.3081,0.090289,-0.23994
248,51.509,-0.16095,1.1518,-0.093002,-0.18486
248.5,51.509,-0.16095,1.2984,0.077205,-0.53955
249,51.509,-0.16095,1.1648,-0.10191,-0.98614
249.5,51.509,-0.16095,1.3143,0.060882,-1.2397
250,51.509,-0.16095,1.1616,-0.1159,-1.7141
250.5,51.509,-0.16095,1.3037,0.056502,-1.6094
251,51.509,-0.16095,1.1925,-0.12243,-1.7041
251.5,51.509,-0.16095,1.2955,0.059495,-1.2025
252,51.509,-0.16095,1.2372,-0.11125,-1.2491
252.5,51.509,-0.16095,1.2308,0.080005,-0.93818
253,51.509,-0.16095,1.2452,-0.098358,-0.49417
253.5,51.509,-0.16095,1.2413,0.094435,-0.36375
254,51.509,-0.16095,1.2616,-0.10898,-0.51678
254.5,51.509,-0.16095,1.253,0.067968,-0.1414
255,51.509,-0.16095,1.2418,-0.094088,0.32203
255.5,51.509,-0.16095,1.27,0.077356,0.38369
256,51.509,-0.16095,1.2514,-0.093873,0.15842
256.5,51.509,-0.16095,1.2297,0.1041,-0.28972
257,51.509,-0.16095,1.2588,-0.088102,-0.57959
257.5,51.509,-0.16095,1.2395,0.10426,-0.066074
258,51.509,-0.16095,1.2517,-0.10212,0.10835
258.5,51.509,-0.16095,1.2439,0.07929,-0.025988
259,51.51,-0.16095,1.2653,-0.0733,0.25871
259.5,51.51,-0.16096,1.2204,0.1051,1.116
260,51.51,-0.16096,1.2769,-0.068072,1.1292
260.5,51.51,-0.16095,1.2574,0.12575,1.7948
261,51.51,-0.16095,1.1962,-0.036381,1.9869
261.5,51.51,-0.16096,1.3415,0.14197,2.328
262,51.51,-0.16095,1.1731,-0.020573,2.6879
262.5,51.51,-0.16095,1.3877,0.15101,2.4128
263,51.51,-0.16095,1.1392,-0.032293,2.3138
263.5,51.51,-0.16095,1.4046,0.1317,1.5052
264,51.51,-0.16095,1.0688,-0.073605,0.63703
264.5,51.51,-0.16094,1.4322,0.11329,-0.017669
265,51.51,-0.16094,1.0384,-0.091675,-0.48786
265.5,51.51,-0.16094,1.4401,0.10019,0.2255
266,51.51,-0.16098,0.98484,-0.071226,0.34596
266.5,51.51,-0.16101,1.343,0.1056,0.65306
267,51.509,-0.16103,0.4318,-0.10721,0.20913
267.5,51.509,-0.16105,0.88605,0.11972,0.88094
268,51.509,-0.16106,-0.16054,-0.094896,1.5242
268.5,51.509,-0.16107,0.67893,0.14203,15.64
269,51.509,-0.16108,-0.26776,0.015523,30.327
269.5,51.509,-0.16108,0.66595,0.30113,44.964
270,51.509,-0.16108,-0.39389,0.082835,59.846
270.5,51.509,-0.16108,0.5959,0.4054,74.544
271,51.509,-0.16108,-0.51237,0.1124,88.941
271.5,51.509,-0.16107,0.45282,0.44082,104.09
272,51.509,-0.16107,-0.68089,0.093505,119.02
272.5,51.509,-0.16107,0.37824,0.31873,133.93
273,51.509,-0.16106,-0.79524,0.033635,149.03
273.5,51.509,-0.16107,0.34714,0.15705,164.48
274,51.509,-0.16106,-0.80113,-0.10193,179.84
274.5,51.509,-0.16105,0.044316,0.11836,-179.81
275,51.509,-0.16106,-1.1881,-0.095795,179.85
275.5,51.509,-0.16105,-0.58909,0.10843,-179.95
276,51.509,-0.16106,-1.652,-0.11075,-179.65
276.5,51.509,-0.16102,-0.92304,0.11045,179.98
277,51.509,-0.16099,-1.6567,-0.080093,179.14
277.5,51.509,-0.16096,-0.97339,0.13772,178.93
278,51.509,-0.16094,-1.5327,-0.088342,179.03
278.5,51.509,-0.16092,-1.0165,0.12661,179.58
279,51.509,-0.16091,-1.4513,-0.10898,179.48
279.5,51.509,-0.1609,-1.0783,0.12306,179.42
280,51.509,-0.1609,-1.4447,-0.11226,179.88
280.5,51.509,-0.16089,-1.0673,0.11733,179.93
281,51.509,-0.16089,-1.4375,-0.1011,-179.97
281.5,51.509,-0.16089,-1.0785,0.12404,-179.84
282,51.509,-0.16089,-1.374,-0.12079,-179.61
282.5,51.509,-0.16089,-1.113,0.11397,-179.26
283,51.509,-0.16088,-1.3939,-0.11572,-179.46
283.5,51.509,-0.16088,-1.0761,0.11878,-179.43
284,51.509,-0.16088,-1.3953,-0.095852,179.89
284.5,51.509,-0.16088,-1.1135,0.14226,179.04
285,51.509,-0.16088,-1.4009,-0.060296,178.43
285.5,51.509,-0.16088,-1.1155,0.17491,177.99
286,51.509,-0.16089,-1.3273,-0.047967,178.01
286.5,51.509,-0.16088,-1.174,0.15575,178.27
287,51.509,-0.16088,-1.3452,-0.061136,178.25
287.5,51.509,-0.16088,-1.1333,0.15244,178.51
288,51.509,-0.16088,-1.3809,-0.071,178.85
288.5,51.509,-0.16088,-1.1825,0.13949,178.64
289,51.509,-0.16089,-1.3013,-0.080656,178.38
289.5,51.509,-0.16089,-1.2261,0.13886,178.42
290,51.509,-0.16089,-1.2842,-0.11847,178.97
290.5,51.509,-0.16089,-1.2551,0.1209,179.15
291,51.509,-0.16089,-1.3023,-0.10574,179.35
291.5,51.509,-0.16089,-1.2223,0.1177,179.75
292,51.509,-0.16089,-1.2919,-0.12583,179.7
292.5,51.509,-0.1609,-1.3108,0.10573,-179.98
293,51.509,-0.1609,-1.1988,-0.12305,179.9
293.5,51.509,-0.1609,-1.2444,0.094274,179.9
294,51.509,-0.16091,-1.2959,-0.15459,-179.76
294.5,51.509,-0.16091,-1.2018,0.091085,-179.69
295,51.509,-0.16091,-1.2621,-0.14911,-179.54
295.5,51.509,-0.16091,-1.2335,0.072079,-179.21
296,51.509,-0.16091,-1.2296,-0.15818,-179.2
296.5,51.509,-0.16091,-1.2388,0.09937,-179.37
297,51.509,-0.16091,-1.24,-0.088653,179.81
297.5,51.509,-0.16091,-1.2539,0.11176,-179.61
298,51.509,-0.16092,-1.1888,-0.12853,-179.25
298.5,51.509,-0.16092,-1.3402,0.092873,-179.31
299,51.509,-0.16092,-1.189,-0.1315,-179.61
299.5,51.509,-0.16092,-1.2665,0.067584,-179.07
300,51.509,-0.16092,-1.2091,-0.17044,-178.57
300.5,51.509,-0.16092,-1.2976,0.099178,-178.98
301,51.509,-0.16092,-1.2464,-0.11918,-179.46
301.5,51.509,-0.16092,-1.2332,0.091688,-179.06
302,51.509,-0.16092,-1.2339,-0.13465,-179.18
302.5,51.509,-0.16092,-1.2598,0.11548,-179.23
303,51.509,-0.16092,-1.1835,-0.10705,-179.24
303.5,51.509,-0.16092,-1.2895,0.10428,-179.06
304,51.509,-0.16092,-1.1975,-0.12807,-178.81
304.5,51.509,-0.16092,-1.279,0.11758,-179.46
305,51.509,-0.16093,-1.1974,-0.099651,-179.9
305.5,51.509,-0.16093,-1.0913,0.12086,-179.57
306,51.509,-0.16093,-0.69601,-0.09749,-179.65
306.5,51.509,-0.16093,-0.54798,0.096019,-179.47
307,51.509,-0.16092,-0.19563,-0.12886,-179.22
307.5,51.509,-0.16093,-0.27061,0.18735,165.86
308,51.509,-0.16093,-0.15157,-0.0047645,151.08
308.5,51.509,-0.16093,-0.22318,0.30747,136.19
309,51.509,-0.16092,-0.048231,0.095706,120.95
309.5,51.509,-0.16092,-0.13957,0.39028,105.49
310,51.509,-0.16093,0.07555,0.09091,89.968
310.5,51.509,-0.16092,0.0051512,0.36676,75.393
311,51.509,-0.16091,0.19596,0.12745,61.508
311.5,51.509,-0.16091,0.05327,0.24759,46.353
312,51.509,-0.16091,0.32705,0.072809,31.114
312.5,51.509,-0.16091,0.12608,0.1538,16.386
313,51.509,-0.16091,0.33302,-0.043716,1.819
313.5,51.509,-0.1609,0.33031,0.069576,0.8933
314,51.509,-0.1609,0.87664,-0.050852,-0.13789
314.5,51.509,-0.1609,0.83302,0.069073,-0.037511
315,51.509,-0.16091,1.4288,-0.05976,-0.19697
315.5,51.509,-0.16091,1.038,0.064874,0.032542
316,51.509,-0.16091,1.424,-0.033004,0.50588
316.5,51.509,-0.16091,1.1382,0.067331,0.68275
317,51.509,-0.16091,1.3825,-0.053494,0.89577
317.5,51.509,-0.16092,1.124,0.089784,1.3881
318,51.509,-0.16091,1.404,-0.039008,1.9643
318.5,51.509,-0.16092,1.1302,0.068449,1.2418
319,51.509,-0.16092,1.3879,-0.06849,0.57203
319.5,51.509,-0.16092,1.105,0.059556,0.80483
320,51.509,-0.16092,1.3909,-0.062237,0.58451
320.5,51.509,-0.16093,1.1035,0.059155,0.12641
321,51.509,-0.16093,1.4181,-0.077235,-0.068933
321.5,51.509,-0.16093,1.0574,0.057747,0.3544
322,51.509,-0.16093,1.4308,-0.058656,0.99291
322.5,51.509,-0.16093,1.0374,0.04559,0.73884
323,51.509,-0.16093,1.4511,-0.09509,0.04393
323.5,51.509,-0.16093,1.0612,0.035672,-0.18894
324,51.509,-0.16093,1.42,-0.068867,-0.30598
324.5,51.509,-0.16093,1.0408,0.043614,-0.45818
325,51.509,-0.16093,1.4879,-0.10349,-0.48409
325.5,51.509,-0.16093,1.0469,0.036019,0.48282
326,51.509,-0.16093,1.4468,-0.044959,1.1185
326.5,51.509,-0.16093,1.0829,0.050513,0.7934
327,51.509,-0.16093,1.4678,-0.07686,0.72977
327.5,51.509,-0.16093,1.0303,0.045859,0.29998
328,51.509,-0.16093,1.4636,-0.075366,-0.024305
328.5,51.509,-0.16092,1.0437,0.050186,-0.48019
329,51.509,-0.16093,1.4226,-0.080728,-0.65433
329.5,51.509,-0.16093,1.1181,0.04647,0.16217
330,51.509,-0.16093,1.3605,-0.051403,0.87681
330.5,51.509,-0.16092,1.1579,0.083559,1.0182
331,51.509,-0.16092,1.3289,-0.036804,0.97809
331.5,51.509,-0.16093,1.1152,0.088589,0.54298
332,51.509,-0.16092,1.377,-0.056683,0.14823
332.5,51.509,-0.16092,1.1147,0.070765,-0.092001
333,51.509,-0.16093,1.4175,-0.079864,-0.10808
333.5,51.509,-0.16092,1.0898,0.061813,-0.17045
334,51.509,-0.16091,1.4067,-0.063696,-0.60569
334.5,51.509,-0.16091,1.0418,0.047781,-0.47572
335,51.509,-0.16091,1.4887,-0.063017,-0.36506
335.5,51.509,-0.16091,0.99892,0.069193,-0.38591
336,51.509,-0.1609,1.4932,-0.061635,-0.78368
336.5,51.51,-0.1609,0.97352,0.084708,-0.35461
337,51.51,-0.1609,1.5167,-0.055596,0.11148
337.5,51.51,-0.1609,1.0273,0.046913,-0.30313
338,51.51,-0.16091,1.4666,-0.054349,-0.46614
338.5,51.51,-0.16091,1.0186,0.052854,-0.6189
339,51.51,-0.16091,1.493,-0.052901,-0.47352
339.5,51.51,-0.16091,0.94682,0.059083,-0.41344
340,51.51,-0.16091,1.5521,-0.076984,-0.46308
340.5,51.51,-0.16092,0.95568,0.064755,-0.16812
341,51.51,-0.16091,1.5128,-0.041949,0.15376
341.5,51.51,-0.16091,0.98847,0.065671,-0.56294
342,51.51,-0.16092,1.5179,-0.075594,-1.0372
342.5,51.51,-0.16092,1.0375,0.052206,-1.0885
343,51.51,-0.16092,1.4661,-0.068165,-1.423
343.5,51.51,-0.16091,1.0003,0.071159,-1.2224
344,51.51,-0.16095,1.4988,-0.10063,-1.713
344.5,51.51,-0.16098,0.75636,0.049433,-1.1763
345,51.509,-0.161,1.0297,-0.054117,-1.2122
345.5,51.509,-0.16103,0.23451,0.077141,-1.3547
346,51.509,-0.16104,0.48314,-0.050919,-1.7443
346.5,51.509,-0.16105,-0.062937,0.14619,13.509
347,51.509,-0.16105,0.37776,0.051273,28.619
347.5,51.509,-0.16105,-0.0065493,0.26567,43.206
348,51.509,-0.16106,0.26195,0.092361,58.116
348.5,51.509,-0.16106,-0.094509,0.31289,73.773
349,51.509,-0.16106,0.14245,0.15993,89.448
349.5,51.509,-0.16106,-0.2245,0.32418,104.36
350,51.509,-0.16106,0.051005,0.091069,119.3
350.5,51.509,-0.16105,-0.31834,0.26569,134.45
351,51.509,-0.16105,-0.027098,0.0040068,149.82
351.5,51.509,-0.16105,-0.44098,0.18507,164.53
352,51.509,-0.16104,-0.056658,-0.13253,179.68
352.5,51.509,-0.16104,-0.68578,0.11935,179.96
353,51.509,-0.16104,-0.54819,-0.14721,179.88
353.5,51.509,-0.16103,-1.2435,0.11084,179.78
354,51.509,-0.16103,-0.96399,-0.15886,-179.91
354.5,51.509,-0.161,-1.6031,0.13538,179.78
355,51.509,-0.16097,-0.9204,-0.1264,179.47
355.5,51.509,-0.16094,-1.6085,0.12886,179.75
356,51.509,-0.16092,-0.91302,-0.1272,179.96
356.5,51.509,-0.16091,-1.5201,0.11777,179.62
357,51.509,-0.1609,-1.0147,-0.12692,179.4
357.5,51.509,-0.16088,-1.5027,0.14493,179.51
358,51.509,-0.16087,-1.0555,-0.09032,179.37
358.5,51.509,-0.16087,-1.4804,0.16498,179.33
359,51.509,-0.16086,-1.0216,-0.10401,179.57
359.5,51.509,-0.16085,-1.5604,0.14404,-179.8
360,51.509,-0.16085,-0.98625,-0.12278,-179.53
360.5,51.509,-0.16085,-1.5308,0.12649,-179.34
361,51.509,-0.16086,-0.98142,-0.1359,-179.48
361.5,51.509,-0.16086,-1.5379,0.11504,-179.12
362,51.509,-0.16085,-0.94773,-0.12802,-179.04
362.5,51.509,-0.16085,-1.5967,0.12755,-179.54
363,51.509,-0.16085,-0.91349,-0.11158,-179.87
363.5,51.509,-0.16085,-1.544,0.12859,-179.3
364,51.509,-0.16085,-0.98738,-0.13041,-178.81
364.5,51.509,-0.16086,-1.4755,0.13411,-178.99
365,51.509,-0.16085,-1.0421,-0.10798,-179.31
365.5,51.509,-0.16086,-1.4974,0.13151,-179.01
366,51.509,-0.16086,-1.0173,-0.12198,-179.06
366.5,51.509,-0.16087,-1.5305,0.14328,-179.74
367,51.509,-0.16087,-0.95779,-0.11193,179.86
367.5,51.509,-0.16087,-1.5094,0.16621,179.74
368,51.509,-0.16088,-1.0315,-0.10468,179.48
368.5,51.509,-0.16087,-1.4452,0.13424,179.53
369,51.509,-0.16088,-1.0645,-0.14489,-179.94
369.5,51.509,-0.16088,-1.4384,0.13828,-179.58
370,51.509,-0.16088,-1.0643,-0.1164,-179.47
370.5,51.509,-0.16088,-1.4369,0.12731,-178.82
371,51.509,-0.16088,-1.014,-0.1232,-178.47
371.5,51.509,-0.16088,-1.4356,0.10969,-178.29
372,51.509,-0.16088,-1.0313,-0.12401,-178.34
372.5,51.509,-0.16088,-1.4876,0.11366,-178.74
373,51.509,-0.16087,-0.95424,-0.11123,-179.11
373.5,51.509,-0.16088,-1.5565,0.15516,-179.69
374,51.509,-0.16087,-0.90372,-0.091293,179.86
374.5,51.509,-0.16088,-1.5983,0.1521,179.89
375,51.509,-0.16088,-0.91317,-0.092129,179.88
375.5,51.509,-0.16089,-1.5616,0.14139,179.88
376,51.509,-0.16088,-0.96146,-0.097012,179.92
376.5,51.509,-0.16088,-1.6009,0.14823,-179.47
377,51.509,-0.16088,-0.86392,-0.12611,-179.08
377.5,51.509,-0.16088,-1.6657,0.13241,-179.66
378,51.509,-0.16089,-0.83564,-0.11053,-179.7
378.5,51.509,-0.1609,-1.6559,0.14164,-179.5
379,51.509,-0.1609,-0.87186,-0.11147,-178.93
379.5,51.509,-0.1609,-1.5971,0.09694,-178.92
380,51.509,-0.1609,-0.95131,-0.15213,-178.53
380.5,51.509,-0.16089,-1.5717,0.086287,-177.47
381,51.509,-0.16089,-0.9458,-0.16321,-177.04
381.5,51.509,-0.16089,-1.5194,0.11593,-177.47
382,51.509,-0.16089,-0.93355,-0.14971,-177.82
382.5,51.509,-0.16089,-1.6267,0.11221,-177.85
383,51.509,-0.16089,-0.86305,-0.15202,-178.03
383.5,51.509,-0.16089,-1.407,0.12529,-179.01
384,51.509,-0.16089,-0.42817,-0.10793,-179.72
384.5,51.509,-0.16089,-0.78784,0.12178,-179.87
385,51.509,-0.1609,0.022196,-0.13078,179.88
385.5,51.509,-0.1609,-0.48782,0.18489,163.51
386,51.509,-0.16089,0.013107,0.020727,147.63
386.5,51.509,-0.16089,-0.38501,0.26356,133.37
387,51.509,-0.16089,0.10341,0.1072,119.12
387.5,51.509,-0.16089,-0.2829,0.38093,104.31
388,51.509,-0.16089,0.22624,0.14056,89.093
388.5,51.509,-0.16089,-0.16752,0.3736,74.451
389,51.509,-0.16089,0.33557,0.10429,59.887
389.5,51.509,-0.16089,-0.04516,0.28991,44.42
390,51.509,-0.16089,0.41354,-0.012305,29.238
390.5,51.509,-0.1609,0.039734,0.21905,14.543
391,51.509,-0.16089,0.47158,-0.15801,-0.83762
391.5,51.509,-0.16089,0.23022,0.14851,-0.63903
392,51.509,-0.1609,1.0334,-0.12731,-0.83112
392.5,51.509,-0.1609,0.68502,0.14637,-1.0796
393,51.509,-0.1609,1.5319,-0.16202,-1.0503
393.5,51.509,-0.1609,1.0626,0.13264,-1.3305
394,51.509,-0.1609,1.5232,-0.17183,-1.2768
394.5,51.509,-0.16089,0.93073,0.092789,-1.318
395,51.509,-0.16089,1.6035,-0.16838,-1.5199
395.5,51.509,-0.16089,0.91646,0.14904,-1.7478
396,51.509,-0.16089,1.5508,-0.1686,-2.1438
396.5,51.509,-0.16089,0.90787,0.1318,-2.169
397,51.509,-0.16089,1.5885,-0.18032,-2.4557
397.5,51.509,-0.16089,0.88442,0.12058,-1.9065
398,51.509,-0.16089,1.579,-0.1641,-1.5953
398.5,51.509,-0.16089,0.91898,0.13623,-1.1098
399,51.509,-0.16089,1.6244,-0.17709,-1.1828
399.5,51.509,-0.16089,0.91409,0.14125,-0.60818
400,51.509,-0.16089,1.5955,-0.12243,-0.36429
400.5,51.509,-0.16089,0.87876,0.14224,-0.72991
401,51.509,-0.16089,1.6015,-0.12996,-0.78086
401.5,51.509,-0.16089,0.87392,0.14698,-1.2965
402,51.509,-0.16089,1.5911,-0.1648,-1.5944
402.5,51.509,-0.16089,0.95799,0.1059,-2.1827
403,51.509,-0.16089,1.511,-0.1921,-2.6337
403.5,51.509,-0.16089,1.0641,0.088637,-2.1919
404,51.509,-0.16088,1.4088,-0.18949,-2.2024
404.5,51.509,-0.16089,1.0889,0.10257,-2.0504
405,51.509,-0.16088,1.3704,-0.14189,-1.4022
405.5,51.509,-0.16089,1.0603,0.12419,-1.0273
406,51.509,-0.16089,1.4238,-0.12997,-0.19708
406.5,51.509,-0.16088,1.0673,0.14259,-0.15526
407,51.509,-0.16088,1.417,-0.14217,-0.18575
407.5,51.509,-0.16089,1.0136,0.1344,-0.036896
408,51.509,-0.16088,1.537,-0.13911,-0.11184
408.5,51.509,-0.16088,0.94788,0.15778,-0.078802
409,51.509,-0.16089,1.537,-0.12795,0.1297
409.5,51.509,-0.16089,0.93944,0.15795,-0.25482
410,51.509,-0.16089,1.5485,-0.13049,-0.081657
410.5,51.509,-0.16089,0.97831,0.16171,0.048309
411,51.509,-0.16089,1.5219,-0.11176,1.0297
411.5,51.509,-0.16089,0.93611,0.16451,0.50944
412,51.509,-0.16089,1.5502,-0.12787,0.12139
412.5,51.509,-0.16089,0.9399,0.16094,0.024153
413,51.509,-0.16089,1.5529,-0.11053,-0.22074
413.5,51.509,-0.16089,0.91046,0.1454,-0.48822
414,51.509,-0.16089,1.6133,-0.1332,-0.88233
414.5,51.509,-0.16089,0.80777,0.12961,-0.96583
415,51.51,-0.16089,1.6653,-0.15046,-0.4225
415.5,51.51,-0.1609,0.80307,0.1256,-0.55669
416,51.51,-0.1609,1.7095,-0.16945,-0.70122
416.5,51.51,-0.1609,0.76383,0.14849,-0.74411
417,51.51,-0.1609,1.6926,-0.15961,-0.8662
417.5,51.51,-0.16089,0.77041,0.095493,-1.3382
418,51.51,-0.1609,1.7457,-0.1677,-1.4977
418.5,51.51,-0.1609,0.69907,0.12388,-1.0868
419,51.51,-0.1609,1.7875,-0.14284,-0.92514
419.5,51.51,-0.1609,0.68975,0.14865,-0.86999
420,51.51,-0.1609,1.7911,-0.15097,-0.27745
420.5,51.51,-0.16089,0.68459,0.15196,-0.18279
421,51.51,-0.16089,1.8194,-0.12421,-0.068579
421.5,51.51,-0.16089,0.63787,0.16098,-0.4933
422,51.51,-0.16092,1.8157,-0.14648,-0.96248
422.5,51.51,-0.16096,0.48001,0.15023,-0.8495
423,51.509,-0.16098,1.2725,-0.14423,-0.81969
423.5,51.509,-0.161,0.010544,0.13743,-1.0464
424,51.509,-0.16101,0.74658,-0.13248,-1.6753
424.5,51.509,-0.16102,-0.37753,0.14434,-1.6482
425,51.509,-0.16103,0.42191,-0.14307,-1.0633
